EPI_ID,EPI_T_EN,IMM_S,TS_C,TS_N_EN,CT_C,CT_N_MM,VW_C,VW_T,VI_C,HF_L1_C,HF_L1_T,EPI_S_P,EP_S_U1,EP_S_U5,EP_S_U15,EP_S_PW,EP_S_WCBA
EPI00001559,Workers settlement,F,MMR013005,Taikkyi,,,MMR013005067,Village Track,150060,HF008182,Sub Rural Health Center,37,0,7,14,2,10
EPI00001870,Village,F,MMR013006,Htantabin,,,MMR013006048,Village Track,150167,HF008162,Rural Health Center,947,22,36,189,25,255
EPI00001871,Other settlement,F,MMR013006,Htantabin,,,MMR013006048,Village Track,150167,HF008162,Rural Health Center,89,0,5,25,1,26
EPI00001868,Village,O,MMR013006,Htantabin,,,MMR013006048,Village Track,150168,HF008162,Rural Health Center,386,3,7,39,3,70
EPI00001726,Village,O,MMR013006,Htantabin,,,MMR013006048,Village Track,150168,HF008177,Sub Rural Health Center,186,3,9,43,3,66
EPI00001867,Workers settlement,F,MMR013006,Htantabin,,,MMR013006048,Village Track,150169,HF008162,Rural Health Center,8,1,1,1,0,4
EPI00001869,Village,O,MMR013006,Htantabin,,,MMR013006048,Village Track,150169,HF008162,Rural Health Center,438,13,32,114,13,116
EPI00003035,Other settlement,O,MMR013008,Hlaingtharya,,,MMR013008004,Village Track,150170,HF008219,Sub Rural Health Center,700,15,50,110,22,444
EPI00003112,Other settlement,O,MMR013008,Hlaingtharya,,,MMR013008004,Village Track,150170,HF008219,Sub Rural Health Center,721,30,81,168,30,620
EPI00003113,Village,O,MMR013008,Hlaingtharya,,,MMR013008004,Village Track,150170,HF008219,Sub Rural Health Center,5585,82,510,1180,88,1850
EPI00003055,Village,O,MMR013008,Hlaingtharya,,,MMR013008006,Village Track,150246,HF008215,Rural Health Center,2302,58,189,337,76,69
EPI00003115,Other settlement,O,MMR013008,Hlaingtharya,,,MMR013008006,Village Track,150246,HF008215,Rural Health Center,432,15,47,120,7,203
EPI00003116,Other settlement,O,MMR013008,Hlaingtharya,,,MMR013008006,Village Track,150246,HF008215,Rural Health Center,451,18,74,184,10,212
EPI00003117,Other settlement,O,MMR013008,Hlaingtharya,,,MMR013008006,Village Track,150246,HF008215,Rural Health Center,418,12,81,191,15,247
EPI00003118,Other settlement,O,MMR013008,Hlaingtharya,,,MMR013008006,Village Track,150246,HF008215,Rural Health Center,437,15,68,157,8,228
EPI00003123,Other settlement,O,MMR013008,Hlaingtharya,,,MMR013008006,Village Track,150246,HF008215,Rural Health Center,713,19,98,226,10,170
EPI00003124,Other settlement,O,MMR013008,Hlaingtharya,,,MMR013008006,Village Track,150246,HF008215,Rural Health Center,588,17,93,235,15,180
EPI00003137,Other settlement,O,MMR013008,Hlaingtharya,,,MMR013008006,Village Track,150246,HF008215,Rural Health Center,687,32,96,187,20,235
EPI00003138,Other settlement,O,MMR013008,Hlaingtharya,,,MMR013008006,Village Track,150246,HF008215,Rural Health Center,348,18,66,89,5,241
EPI00003125,Other settlement,O,MMR013008,Hlaingtharya,,,MMR013008006,Village Track,150246,HF008215,Rural Health Center,280,10,57,131,20,60
EPI00003139,Other settlement,O,MMR013008,Hlaingtharya,,,MMR013008005,Village Track,150246,HF008215,Rural Health Center,421,9,55,79,10,181
EPI00003051,Village,O,MMR013008,Hlaingtharya,,,MMR013008006,Village Track,150247,HF008215,Rural Health Center,928,26,144,249,36,214
EPI00003054,Other settlement,O,MMR013008,Hlaingtharya,,,MMR013008006,Village Track,150247,HF008215,Rural Health Center,226,12,23,54,7,75
EPI00001857,Village,O,MMR013006,Htantabin,,,MMR013006017,Village Track,150249,HF008172,Sub Rural Health Center,508,10,50,193,9,70
EPI00001858,Other settlement,O,MMR013006,Htantabin,,,MMR013006017,Village Track,150249,HF008172,Sub Rural Health Center,62,3,11,16,3,12
EPI00001851,Village,O,MMR013006,Htantabin,,,MMR013006045,Village Track,150301,HF008186,Sub Rural Health Center,667,14,90,230,21,125
EPI00001848,Village,F,MMR013006,Htantabin,,,MMR013006045,Village Track,150302,HF008186,Sub Rural Health Center,764,19,114,338,20,127
EPI00001849,Village,F,MMR013006,Htantabin,,,MMR013006045,Village Track,150303,HF008186,Sub Rural Health Center,590,13,76,191,15,116
EPI00001850,Village,O,MMR013006,Htantabin,,,MMR013006045,Village Track,150304,HF008186,Sub Rural Health Center,620,13,89,189,10,115
EPI00003045,Other settlement,F,MMR013008,Hlaingtharya,,,MMR013008007,Village Track,150349,HF008216,Sub Rural Health Center,250,6,15,60,5,191
EPI00003046,Other settlement,O,MMR013008,Hlaingtharya,,,MMR013008007,Village Track,150349,HF008216,Sub Rural Health Center,312,9,20,80,9,200
EPI00003047,Other settlement,O,MMR013008,Hlaingtharya,,,MMR013008007,Village Track,150349,HF008216,Sub Rural Health Center,980,18,78,290,18,250
EPI00003048,Other settlement,O,MMR013008,Hlaingtharya,,,MMR013008007,Village Track,150349,HF008216,Sub Rural Health Center,885,15,70,220,15,230
EPI00003049,Other settlement,O,MMR013008,Hlaingtharya,,,MMR013008007,Village Track,150349,HF008216,Sub Rural Health Center,1100,22,120,300,21,270
EPI00003050,Village,O,MMR013008,Hlaingtharya,,,MMR013008007,Village Track,150349,HF008216,Sub Rural Health Center,6070,96,456,1353,108,1850
EPI00001853,Village,O,MMR013006,Htantabin,,,MMR013006018,Village Track,150351,HF008172,Sub Rural Health Center,209,7,18,36,6,58
EPI00001855,Village,F,MMR013006,Htantabin,,,MMR013006018,Village Track,150351,HF008172,Sub Rural Health Center,1940,42,77,402,51,441
EPI00001856,Other settlement,F,MMR013006,Htantabin,,,MMR013006018,Village Track,150351,HF008172,Sub Rural Health Center,33,1,5,10,1,7
EPI00001852,Village,O,MMR013006,Htantabin,,,MMR013006018,Village Track,150353,HF008172,Sub Rural Health Center,911,26,116,310,26,321
EPI00001854,Village,O,MMR013006,Htantabin,,,MMR013006018,Village Track,150354,HF008172,Sub Rural Health Center,216,8,20,98,8,66
EPI00001761,Village,F,MMR013006,Htantabin,,,MMR013006023,Village Track,150754,HF008163,Rural Health Center,1178,17,82,269,17,328
EPI00001763,Workers settlement,F,MMR013006,Htantabin,,,MMR013006023,Village Track,150755,HF008163,Rural Health Center,19,1,3,11,0,2
EPI00001758,Village,F,MMR013006,Htantabin,,,MMR013006023,Village Track,150756,HF008163,Rural Health Center,1413,20,91,409,21,350
EPI00001759,Village,F,MMR013006,Htantabin,,,MMR013006023,Village Track,150756,HF008163,Rural Health Center,36,1,3,12,0,9
EPI00001760,Village,F,MMR013006,Htantabin,,,MMR013006023,Village Track,150756,HF008163,Rural Health Center,61,0,6,16,1,18
EPI00001754,Village,F,MMR013006,Htantabin,,,MMR013006043,Village Track,150955,HF008170,Sub Rural Health Center,425,4,36,120,2,114
EPI00001756,Workers settlement,F,MMR013006,Htantabin,,,MMR013006043,Village Track,150955,HF008170,Sub Rural Health Center,9,1,1,3,1,3
EPI00001757,Village,O,MMR013006,Htantabin,,,MMR013006043,Village Track,150956,HF008170,Sub Rural Health Center,289,5,22,73,7,90
EPI00001748,Village,O,MMR013006,Htantabin,,,MMR013006043,Village Track,150957,HF008170,Sub Rural Health Center,386,5,29,100,5,101
EPI00001749,Other settlement,O,MMR013006,Htantabin,,,MMR013006043,Village Track,150957,HF008170,Sub Rural Health Center,34,1,3,6,1,9
EPI00001755,Other settlement,F,MMR013006,Htantabin,,,MMR013006043,Village Track,150957,HF008170,Sub Rural Health Center,27,1,0,3,0,5
EPI00001746,Village,F,MMR013006,Htantabin,,,MMR013006043,Village Track,150958,HF008170,Sub Rural Health Center,31,0,0,7,0,9
EPI00001750,Village,O,MMR013006,Htantabin,,,MMR013006043,Village Track,150959,HF008174,Sub Rural Health Center,679,12,53,196,6,175
EPI00001751,Village,O,MMR013006,Htantabin,,,MMR013006043,Village Track,150959,HF008174,Sub Rural Health Center,15,3,2,3,2,5
EPI00001753,Village,F,MMR013006,Htantabin,,,MMR013006043,Village Track,150960,HF008170,Sub Rural Health Center,233,1,16,67,3,70
EPI00001747,Village,,MMR013006,Htantabin,,,MMR013006043,Village Track,150961,HF008170,Sub Rural Health Center,565,10,55,168,6,152
EPI00001675,Workers settlement,O,MMR017021,?Nyaungdon,,,MMR017021004,Village Track,151023,HF008183,Sub Rural Health Center,27,1,3,5,2,6
EPI00001592,Village,O,MMR013006,Htantabin,,,MMR013006013,Village Track,151161,HF008198,Sub Rural Health Center,441,14,49,141,15,132
EPI00001595,Village,F,MMR013006,Htantabin,,,MMR013006013,Village Track,151162,HF008198,Sub Rural Health Center,769,22,100,286,23,246
EPI00001596,Other settlement,F,MMR013006,Htantabin,,,MMR013006013,Village Track,151162,HF008198,Sub Rural Health Center,122,5,14,23,5,35
EPI00001593,Village,F,MMR013006,Htantabin,,,MMR013006013,Village Track,151163,HF008198,Sub Rural Health Center,76,3,5,6,3,20
EPI00001594,Other settlement,F,MMR013006,Htantabin,,,MMR013006013,Village Track,151163,HF008198,Sub Rural Health Center,81,0,12,34,0,24
EPI00001701,Village,O,MMR013006,Htantabin,,,MMR013006051,Village Track,151266,HF008190,Sub Rural Health Center,732,17,80,169,18,150
EPI00001702,Village,O,MMR013006,Htantabin,,,MMR013006051,Village Track,151267,HF008190,Sub Rural Health Center,660,6,53,134,5,90
EPI00001700,Village,O,MMR013006,Htantabin,,,MMR013006051,Village Track,151268,HF008190,Sub Rural Health Center,1035,25,115,236,25,135
EPI00001703,Village,O,MMR013006,Htantabin,,,MMR013006051,Village Track,151269,HF008190,Sub Rural Health Center,794,18,85,175,20,177
EPI00001799,Village,F,MMR013006,Htantabin,,,MMR013006005,Village Track,151270,HF008190,Sub Rural Health Center,129,2,11,22,1,15
EPI00001706,Village,O,MMR013006,Htantabin,,,MMR013006020,Village Track,151374,HF008181,Sub Rural Health Center,523,7,40,140,10,128
EPI00001707,Village,O,MMR013006,Htantabin,,,MMR013006020,Village Track,151375,HF008181,Sub Rural Health Center,556,8,46,146,12,160
EPI00001704,Village,O,MMR013006,Htantabin,,,MMR013006020,Village Track,151376,HF008181,Sub Rural Health Center,123,4,17,29,3,28
EPI00001705,Workers settlement,O,MMR013006,Htantabin,,,MMR013006020,Village Track,151376,HF008181,Sub Rural Health Center,6,0,0,0,0,0
EPI00001699,Village,F,MMR013006,Htantabin,,,MMR013006009,Village Track,151387,HF008171,Sub Rural Health Center,246,20,87,289,21,238
EPI00001698,Village,O,MMR013006,Htantabin,,,MMR013006009,Village Track,151388,HF008171,Sub Rural Health Center,182,18,69,245,19,196
EPI00001693,Workers settlement,F,MMR013006,Htantabin,,,MMR013006035,Village Track,151539,HF008189,Sub Rural Health Center,33,1,3,4,0,4
EPI00001694,Village,F,MMR013006,Htantabin,,,MMR013006035,Village Track,151539,HF008189,Sub Rural Health Center,1445,42,160,406,10,372
EPI00001695,Workers settlement,F,MMR013006,Htantabin,,,MMR013006035,Village Track,151539,HF008189,Sub Rural Health Center,129,4,12,36,2,43
EPI00001697,Workers settlement,F,MMR013006,Htantabin,,,MMR013006035,Village Track,151540,HF008189,Sub Rural Health Center,124,3,7,20,1,14
EPI00001834,Village,F,MMR013006,Htantabin,,,MMR013006019,Village Track,152034,HF008160,Station Health Unit,1926,47,182,520,48,486
EPI00001599,Village,O,MMR013006,Htantabin,,,MMR013006030,Village Track,152214,HF008186,Sub Rural Health Center,486,10,65,168,12,102
EPI00001601,Other settlement,O,MMR013006,Htantabin,,,MMR013006002,Village Track,152215,HF008187,Sub Rural Health Center,38,0,0,0,0,23
EPI00001602,Village,F,MMR013006,Htantabin,,,MMR013006002,Village Track,152215,HF008187,Sub Rural Health Center,933,33,94,260,27,292
EPI00001603,Village,O,MMR013006,Htantabin,,,MMR013006030,Village Track,152216,HF008186,Sub Rural Health Center,506,13,67,174,10,102
EPI00001743,Village,F,MMR013006,Htantabin,,,MMR013006015,Village Track,152501,HF008174,Sub Rural Health Center,510,9,38,142,4,124
EPI00001742,Village,F,MMR013006,Htantabin,,,MMR013006015,Village Track,152502,HF008174,Sub Rural Health Center,105,2,7,35,1,32
EPI00001744,Village,F,MMR013006,Htantabin,,,MMR013006015,Village Track,152503,HF008174,Sub Rural Health Center,228,2,10,50,2,70
EPI00001612,Other settlement,O,MMR013006,Htantabin,,,MMR013006001,Village Track,152737,HF008184,Sub Rural Health Center,150,7,16,33,3,86
EPI00001687,Village,F,MMR013006,Htantabin,,,MMR013006001,Village Track,152737,HF008184,Sub Rural Health Center,1500,36,153,357,37,471
EPI00001692,Other settlement,F,MMR013006,Htantabin,,,MMR013006001,Village Track,152737,HF008184,Sub Rural Health Center,148,6,14,31,2,94
EPI00001690,Village,O,MMR013006,Htantabin,,,MMR013006001,Village Track,152738,HF008184,Sub Rural Health Center,1370,37,160,357,36,381
EPI00001691,Other settlement,O,MMR013006,Htantabin,,,MMR013006001,Village Track,152738,HF008184,Sub Rural Health Center,39,1,6,7,1,13
EPI00001611,Village,O,MMR013006,Htantabin,,,MMR013006001,Village Track,152739,HF008184,Sub Rural Health Center,1206,34,140,320,36,362
EPI00001686,Village,O,MMR013006,Htantabin,,,MMR013006001,Village Track,152740,HF008184,Sub Rural Health Center,98,6,25,40,5,22
EPI00001688,Village,O,MMR013006,Htantabin,,,MMR013006001,Village Track,152741,HF008184,Sub Rural Health Center,651,10,57,152,10,205
EPI00001689,Village,O,MMR013006,Htantabin,,,MMR013006001,Village Track,152742,HF008184,Sub Rural Health Center,331,11,50,101,11,86
EPI00001684,Village,F,MMR013006,Htantabin,,,MMR013006032,Village Track,152743,HF008185,Sub Rural Health Center,908,20,111,281,20,269
EPI00001580,Village,O,MMR013006,Htantabin,,,MMR013006003,Village Track,153246,HF008176,Sub Rural Health Center,1400,21,108,189,35,245
EPI00001524,Village,O,MMR013006,Htantabin,,,MMR013006025,Village Track,153304,HF008169,Sub Rural Health Center,240,4,41,79,15,60
EPI00001527,Village,O,MMR013006,Htantabin,,,MMR013006025,Village Track,153305,HF008169,Sub Rural Health Center,682,14,97,199,21,161
EPI00001529,Village,O,MMR013006,Htantabin,,,MMR013006025,Village Track,153306,HF008169,Sub Rural Health Center,141,3,22,40,3,26
EPI00001528,Village,O,MMR013006,Htantabin,,,MMR013006025,Village Track,153307,HF008169,Sub Rural Health Center,225,3,38,83,1,53
EPI00001526,Village,F,MMR013006,Htantabin,,,MMR013006025,Village Track,153308,HF008169,Sub Rural Health Center,118,2,28,44,2,24
EPI00003008,Other settlement,O,MMR013008,Hlaingtharya,,,MMR013008001,Village Track,153586,HF008214,Sub Urban Health Center,163,16,16,3,7,20
EPI00003009,Other settlement,O,MMR013008,Hlaingtharya,,,MMR013008001,Village Track,153586,HF008214,Sub Urban Health Center,200,12,34,32,3,34
EPI00001523,Village,O,MMR013006,Htantabin,,,MMR013006041,Village Track,153636,HF008193,Sub Rural Health Center,1046,21,76,119,19,621
EPI00001521,Village,F,MMR013006,Htantabin,,,MMR013006041,Village Track,153637,HF008193,Sub Rural Health Center,1034,22,81,92,24,585
EPI00001519,Village,F,MMR013006,Htantabin,,,MMR013006041,Village Track,153638,HF008193,Sub Rural Health Center,218,3,19,38,3,58
EPI00001520,Village,O,MMR013006,Htantabin,,,MMR013006041,Village Track,153639,HF008193,Sub Rural Health Center,1274,28,111,166,26,701
EPI00001517,Village,O,MMR013006,Htantabin,,,MMR013006041,Village Track,153640,HF008193,Sub Rural Health Center,290,6,13,18,5,123
EPI00001518,Other settlement,O,MMR013006,Htantabin,,,MMR013006041,Village Track,153640,HF008193,Sub Rural Health Center,91,4,14,20,4,95
EPI00001522,Village,O,MMR013006,Htantabin,,,MMR013006041,Village Track,153641,HF008193,Sub Rural Health Center,480,7,24,49,6,284
EPI00001584,Village,F,MMR013006,Htantabin,,,MMR013006028,Village Track,154500,HF008166,Sub Rural Health Center,39,0,3,8,0,11
EPI00001585,Village,O,MMR013006,Htantabin,,,MMR013006028,Village Track,154501,HF008166,Sub Rural Health Center,470,3,33,105,3,152
EPI00001589,Village,O,MMR013006,Htantabin,,,MMR013006028,Village Track,154502,HF008166,Sub Rural Health Center,28,0,1,1,0,12
EPI00001590,Village,F,MMR013006,Htantabin,,,MMR013006028,Village Track,154503,HF008166,Sub Rural Health Center,92,0,9,25,3,31
EPI00001586,Village,F,MMR013006,Htantabin,,,MMR013006028,Village Track,154504,HF008166,Sub Rural Health Center,218,3,19,38,3,58
EPI00001588,Village,F,MMR013006,Htantabin,,,MMR013006028,Village Track,154505,HF008166,Sub Rural Health Center,442,12,39,149,12,111
EPI00001583,Village,O,MMR013006,Htantabin,,,MMR013006028,Village Track,154506,HF008166,Sub Rural Health Center,351,11,39,68,11,101
EPI00001587,Village,O,MMR013006,Htantabin,,,MMR013006028,Village Track,154507,HF008166,Sub Rural Health Center,284,7,32,81,7,82
EPI00003012,Village,F,MMR013008,Hlaingtharya,,,MMR013008008,Village Track,154572,HF008216,Sub Rural Health Center,10721,164,754,2376,160,3248
EPI00003010,Other settlement,O,MMR013008,Hlaingtharya,,,MMR013008008,Village Track,154573,HF008216,Sub Rural Health Center,3055,41,217,720,45,870
EPI00003011,Village,O,MMR013008,Hlaingtharya,,,MMR013008008,Village Track,154573,HF008216,Sub Rural Health Center,3300,60,250,760,80,945
EPI00001554,Village,F,MMR013006,Htantabin,,,MMR013006022,Village Track,155040,HF008182,Sub Rural Health Center,863,13,37,246,5,219
EPI00001555,Workers settlement,F,MMR013006,Htantabin,,,MMR013006022,Village Track,155040,HF008182,Sub Rural Health Center,2,0,0,0,0,0
EPI00001556,Workers settlement,F,MMR013006,Htantabin,,,MMR013006022,Village Track,155040,HF008182,Sub Rural Health Center,5,0,1,1,0,1
EPI00001557,Workers settlement,O,MMR013006,Htantabin,,,MMR013006022,Village Track,155040,HF008182,Sub Rural Health Center,26,2,4,8,0,7
EPI00001548,Village,F,MMR013006,Htantabin,,,MMR013006012,Village Track,155122,HF008194,Sub Rural Health Center,828,7,37,176,9,220
EPI00001549,Other settlement,F,MMR013006,Htantabin,,,MMR013006012,Village Track,155122,HF008194,Sub Rural Health Center,16,3,3,4,1,8
EPI00001550,Workers settlement,F,MMR013006,Htantabin,,,MMR013006012,Village Track,155122,HF008194,Sub Rural Health Center,13,0,3,3,1,3
EPI00001551,Other settlement,O,MMR013006,Htantabin,,,MMR013006012,Village Track,155123,HF008194,Sub Rural Health Center,26,2,2,2,2,60
EPI00001552,Village,O,MMR013006,Htantabin,,,MMR013006012,Village Track,155123,HF008194,Sub Rural Health Center,202,5,20,61,7,60
EPI00001546,Village,O,MMR013006,Htantabin,,,MMR013006012,Village Track,155124,HF008194,Sub Rural Health Center,220,4,24,49,7,58
EPI00001562,Village,F,MMR013006,Htantabin,,,MMR013006050,Village Track,155153,HF008166,Sub Rural Health Center,140,2,8,28,2,40
EPI00001565,Village,F,MMR013006,Htantabin,,,MMR013006050,Village Track,155154,HF008166,Sub Rural Health Center,274,4,32,75,4,77
EPI00001582,Village,O,MMR013006,Htantabin,,,MMR013006050,Village Track,155155,HF008166,Sub Rural Health Center,159,2,10,22,2,46
EPI00001564,Village,O,MMR013006,Htantabin,,,MMR013006050,Village Track,155156,HF008166,Sub Rural Health Center,536,9,44,150,10,158
EPI00001561,Village,F,MMR013006,Htantabin,,,MMR013006050,Village Track,155158,HF008166,Sub Rural Health Center,534,12,45,136,13,157
EPI00001563,Village,F,MMR013006,Htantabin,,,MMR013006050,Village Track,155159,HF008166,Sub Rural Health Center,80,1,3,18,1,19
EPI00001566,Village,F,MMR013006,Htantabin,,,MMR013006050,Village Track,155160,HF008166,Sub Rural Health Center,299,7,26,76,7,83
EPI00001571,Village,F,MMR013006,Htantabin,,,MMR013006049,Village Track,156134,HF008169,Sub Rural Health Center,325,7,50,91,10,67
EPI00001572,Other settlement,F,MMR013006,Htantabin,,,MMR013006049,Village Track,156134,HF008169,Sub Rural Health Center,150,5,21,42,5,38
EPI00001574,Village,O,MMR013006,Htantabin,,,MMR013006049,Village Track,156135,HF008169,Sub Rural Health Center,396,8,41,102,7,110
EPI00001579,Village,O,MMR013006,Htantabin,,,MMR013006049,Village Track,156136,HF008169,Sub Rural Health Center,1066,16,172,363,31,270
EPI00001570,Village,O,MMR013006,Htantabin,,,MMR013006049,Village Track,156137,HF008169,Sub Rural Health Center,645,10,43,144,8,117
EPI00001575,Village,O,MMR013006,Htantabin,,,MMR013006049,Village Track,156140,HF008169,Sub Rural Health Center,38,0,4,9,0,11
EPI00001573,Village,O,MMR013006,Htantabin,,,MMR013006049,Village Track,156142,HF008169,Sub Rural Health Center,227,3,10,37,4,76
EPI00001567,Village,O,MMR013006,Htantabin,,,MMR013006037,Village Track,156362,HF008196,Sub Rural Health Center,404,8,39,107,9,236
EPI00001568,Village,F,MMR013006,Htantabin,,,MMR013006037,Village Track,156363,HF008196,Sub Rural Health Center,767,14,79,222,14,430
EPI00001569,Workers settlement,F,MMR013006,Htantabin,,,MMR013006037,Village Track,156363,HF008196,Sub Rural Health Center,12,0,4,4,0,8
EPI00001532,Village,F,MMR013006,Htantabin,,,MMR013006042,Village Track,156394,HF008167,Sub Rural Health Center,1054,16,65,115,18,279
EPI00001543,Village,O,MMR013006,Htantabin,,,MMR013006042,Village Track,156395,HF008167,Sub Rural Health Center,125,1,5,22,5,28
EPI00001533,Village,O,MMR013006,Htantabin,,,MMR013006042,Village Track,156396,HF008167,Sub Rural Health Center,565,10,55,168,6,152
EPI00001534,Village,O,MMR013006,Htantabin,,,MMR013006042,Village Track,156397,HF008167,Sub Rural Health Center,217,8,18,44,9,59
EPI00001535,Workers settlement,O,MMR013006,Htantabin,,,MMR013006042,Village Track,156397,HF008167,Sub Rural Health Center,50,0,0,0,3,27
EPI00001541,Village,O,MMR013006,Htantabin,,,MMR013006042,Village Track,156398,HF008167,Sub Rural Health Center,266,8,22,35,7,80
EPI00001537,Village,O,MMR013006,Htantabin,,,MMR013006042,Village Track,156399,HF008167,Sub Rural Health Center,146,4,13,25,4,53
EPI00001544,Village,O,MMR013006,Htantabin,,,MMR013006042,Village Track,156400,HF008167,Sub Rural Health Center,123,2,17,32,6,36
EPI00001538,Village,O,MMR013006,Htantabin,,,MMR013006042,Village Track,156401,HF008167,Sub Rural Health Center,557,11,33,89,14,159
EPI00001539,Village,O,MMR013006,Htantabin,,,MMR013006042,Village Track,156402,HF008167,Sub Rural Health Center,290,10,23,52,8,80
EPI00001536,Village,O,MMR013006,Htantabin,,,MMR013006042,Village Track,156403,HF008167,Sub Rural Health Center,337,11,32,56,6,88
EPI00001545,Village,O,MMR013006,Htantabin,,,MMR013006042,Village Track,156404,HF008167,Sub Rural Health Center,434,6,21,69,14,132
EPI00001540,Village,F,MMR013006,Htantabin,,,MMR013006042,Village Track,156405,HF008167,Sub Rural Health Center,326,6,18,32,10,95
EPI00001542,Village,O,MMR013006,Htantabin,,,MMR013006042,Village Track,156406,HF008167,Sub Rural Health Center,133,0,7,20,4,40
EPI00001830,Village,F,MMR013006,Htantabin,,,MMR013006004,Village Track,156542,HF008177,Sub Rural Health Center,1732,25,133,446,28,495
EPI00001831,Workers settlement,F,MMR013006,Htantabin,,,MMR013006004,Village Track,156542,HF008177,Sub Rural Health Center,25,2,5,3,1,7
EPI00001833,Workers settlement,O,MMR013006,Htantabin,,,MMR013006004,Village Track,156542,HF008177,Sub Rural Health Center,30,3,4,3,1,6
EPI00001832,Village,O,MMR013006,Htantabin,,,MMR013006004,Village Track,156543,HF008177,Sub Rural Health Center,951,17,94,320,24,235
EPI00001768,Village,O,MMR013006,Htantabin,,,MMR013006044,Village Track,157229,HF008191,Sub Rural Health Center,1156,24,81,263,24,674
EPI00001769,Other settlement,O,MMR013006,Htantabin,,,MMR013006044,Village Track,157229,HF008191,Sub Rural Health Center,202,15,27,39,0,111
EPI00001765,Village,O,MMR013006,Htantabin,,,MMR013006044,Village Track,157230,HF008191,Sub Rural Health Center,30,0,2,8,0,18
EPI00001766,Village,O,MMR013006,Htantabin,,,MMR013006044,Village Track,157231,HF008191,Sub Rural Health Center,1256,30,126,322,22,705
EPI00001767,Workers settlement,O,MMR013006,Htantabin,,,MMR013006044,Village Track,157231,HF008191,Sub Rural Health Center,169,4,14,27,0,111
EPI00001764,Village,O,MMR013006,Htantabin,,,MMR013006044,Village Track,157232,HF008191,Sub Rural Health Center,203,3,7,41,5,127
EPI00001780,Village,F,MMR013006,Htantabin,,,MMR013006021,Village Track,157447,HF008180,Sub Rural Health Center,233,1,13,49,6,87
EPI00001779,Village,F,MMR013006,Htantabin,,,MMR013006021,Village Track,157448,HF008180,Sub Rural Health Center,512,6,22,103,5,198
EPI00001776,Village,F,MMR013006,Htantabin,,,MMR013006021,Village Track,157449,HF008180,Sub Rural Health Center,326,11,25,79,6,146
EPI00001781,Village,F,MMR013006,Htantabin,,,MMR013006021,Village Track,157450,HF008180,Sub Rural Health Center,317,4,22,72,5,119
EPI00001782,Village,F,MMR013006,Htantabin,,,MMR013006021,Village Track,157451,HF008180,Sub Rural Health Center,163,2,12,39,1,72
EPI00001777,Village,O,MMR013006,Htantabin,,,MMR013006021,Village Track,157452,HF008180,Sub Rural Health Center,577,11,45,164,10,242
EPI00001778,Village,O,MMR013006,Htantabin,,,MMR013006021,Village Track,157453,HF008180,Sub Rural Health Center,279,2,38,89,6,117
EPI00001774,Village,O,MMR013006,Htantabin,,,MMR013006039,Village Track,157785,HF008165,Rural Health Center,368,2,13,63,3,227
EPI00001775,Other settlement,F,MMR013006,Htantabin,,,MMR013006039,Village Track,157785,HF008165,Rural Health Center,6,0,1,1,0,4
EPI00001772,Village,O,MMR013006,Htantabin,,,MMR013006039,Village Track,157786,HF008165,Rural Health Center,719,5,29,128,5,424
EPI00001773,Other settlement,O,MMR013006,Htantabin,,,MMR013006039,Village Track,157786,HF008165,Rural Health Center,12,0,0,2,0,10
EPI00001771,Village,O,MMR013006,Htantabin,,,MMR013006039,Village Track,157787,HF008165,Rural Health Center,184,2,5,36,2,105
EPI00001770,Village,O,MMR013006,Htantabin,,,MMR013006039,Village Track,157788,HF008165,Rural Health Center,512,4,26,95,6,304
EPI00001710,Village,F,MMR013006,Htantabin,,,MMR013006010,Village Track,158155,HF008173,Sub Rural Health Center,542,9,47,124,9,130
EPI00001708,Other settlement,O,MMR013006,Htantabin,,,MMR013006010,Village Track,158156,HF008173,Sub Rural Health Center,182,5,22,63,6,49
EPI00001709,Other settlement,O,MMR013006,Htantabin,,,MMR013006010,Village Track,158156,HF008173,Sub Rural Health Center,17,0,3,3,1,6
EPI00001713,Village,F,MMR013006,Htantabin,,,MMR013006014,Village Track,158157,HF008161,Station Health Unit,2125,41,161,519,51,506
EPI00001714,Workers settlement,F,MMR013006,Htantabin,,,MMR013006014,Village Track,158157,HF008161,Station Health Unit,26,3,3,5,1,8
EPI00001717,Village,O,MMR013006,Htantabin,,,MMR013006014,Village Track,158158,HF008161,Station Health Unit,488,8,46,132,10,124
EPI00001718,Workers settlement,O,MMR013006,Htantabin,,,MMR013006014,Village Track,158158,HF008161,Station Health Unit,18,3,3,3,0,8
EPI00001715,Village,O,MMR013006,Htantabin,,,MMR013006014,Village Track,158159,HF008161,Station Health Unit,356,11,38,102,9,78
EPI00001716,Workers settlement,O,MMR013006,Htantabin,,,MMR013006014,Village Track,158159,HF008161,Station Health Unit,23,2,6,8,0,11
EPI00001711,Village,O,MMR013006,Htantabin,,,MMR013006014,Village Track,158160,HF008161,Station Health Unit,463,11,42,137,11,108
EPI00001712,Workers settlement,O,MMR013006,Htantabin,,,MMR013006014,Village Track,158160,HF008161,Station Health Unit,10,2,6,13,0,8
EPI00003015,Other settlement,O,MMR013008,Hlaingtharya,,,MMR013008003,Village Track,158405,HF008217,Sub Rural Health Center,1635,35,200,370,11,559
EPI00003017,Village,F,MMR013008,Hlaingtharya,,,MMR013008003,Village Track,158405,HF008217,Sub Rural Health Center,10904,336,1245,2759,398,2055
EPI00003023,Other settlement,O,MMR013008,Hlaingtharya,,,MMR013008003,Village Track,158405,HF008217,Sub Rural Health Center,1635,35,200,370,16,558
EPI00003027,Other settlement,O,MMR013008,Hlaingtharya,,,MMR013008003,Village Track,158405,HF008217,Sub Rural Health Center,6224,183,1060,2527,128,1590
EPI00003028,Other settlement,O,MMR013008,Hlaingtharya,,,MMR013008003,Village Track,158405,HF008217,Sub Rural Health Center,6224,183,1060,2527,128,1590
EPI00003016,Other settlement,O,MMR013008,Hlaingtharya,,,MMR013008003,Village Track,158405,HF008217,Sub Rural Health Center,522,6,90,119,9,146
EPI00003018,Other settlement,O,MMR013008,Hlaingtharya,,,MMR013008003,Village Track,158405,HF008217,Sub Rural Health Center,522,5,90,119,9,146
EPI00003019,Other settlement,O,MMR013008,Hlaingtharya,,,MMR013008003,Village Track,158405,HF008217,Sub Rural Health Center,5939,114,905,1436,108,1607
EPI00003020,Army,O,MMR013008,Hlaingtharya,,,MMR013008003,Village Track,158405,HF008217,Sub Rural Health Center,881,20,93,182,21,21
EPI00003021,Other settlement,O,MMR013008,Hlaingtharya,,,MMR013008003,Village Track,158405,HF008217,Sub Rural Health Center,521,5,89,120,8,147
EPI00003024,Other settlement,O,MMR013008,Hlaingtharya,,,MMR013008003,Village Track,158405,HF008217,Sub Rural Health Center,1505,17,81,232,10,385
EPI00003025,Other settlement,O,MMR013008,Hlaingtharya,,,MMR013008003,Village Track,158405,HF008217,Sub Rural Health Center,1504,16,81,232,10,384
EPI00003026,Other settlement,O,MMR013008,Hlaingtharya,,,MMR013008003,Village Track,158405,HF008217,Sub Rural Health Center,5938,114,905,1437,107,1607
EPI00003029,Other settlement,O,MMR013008,Hlaingtharya,,,MMR013008003,Village Track,158405,HF008217,Sub Rural Health Center,521,6,89,120,8,147
EPI00003030,Other settlement,O,MMR013008,Hlaingtharya,,,MMR013008003,Village Track,158405,HF008217,Sub Rural Health Center,521,6,90,120,8,147
EPI00003579,Village,F,MMR013008,Hlaingtharya,,,MMR013008003,Village Track,158405,HF008217,Sub Rural Health Center,,,,,,
EPI00003022,Village,O,MMR013008,Hlaingtharya,,,MMR013008003,Village Track,158406,HF008217,Sub Rural Health Center,9138,314,1436,255,336,2010
EPI00001635,Village,F,MMR013006,Htantabin,,,MMR013006027,Village Track,158705,HF008179,Sub Rural Health Center,102,4,12,35,3,71
EPI00001636,Other settlement,F,MMR013006,Htantabin,,,MMR013006027,Village Track,158705,HF008179,Sub Rural Health Center,93,1,8,16,1,42
EPI00001633,Village,F,MMR013006,Htantabin,,,MMR013006027,Village Track,158706,HF008179,Sub Rural Health Center,210,9,27,93,11,137
EPI00001634,Other settlement,F,MMR013006,Htantabin,,,MMR013006027,Village Track,158706,HF008179,Sub Rural Health Center,120,2,9,8,1,32
EPI00001639,Village,F,MMR013006,Htantabin,,,MMR013006027,Village Track,158707,HF008179,Sub Rural Health Center,89,2,6,20,0,50
EPI00001640,Other settlement,F,MMR013006,Htantabin,,,MMR013006027,Village Track,158707,HF008179,Sub Rural Health Center,31,1,2,7,2,9
EPI00001637,Village,F,MMR013006,Htantabin,,,MMR013006027,Village Track,158708,HF008179,Sub Rural Health Center,393,8,31,83,9,137
EPI00001638,Other settlement,F,MMR013006,Htantabin,,,MMR013006027,Village Track,158708,HF008179,Sub Rural Health Center,69,2,13,42,4,126
EPI00003119,Village,F,MMR013008,Hlaingtharya,,,MMR013008005,Village Track,158817,HF008215,Rural Health Center,6533,109,487,866,260,2477
EPI00003121,Other settlement,O,MMR013008,Hlaingtharya,,,MMR013008005,Village Track,158817,HF008215,Rural Health Center,1286,22,87,242,55,700
EPI00003122,Other settlement,O,MMR013008,Hlaingtharya,,,MMR013008005,Village Track,158817,HF008215,Rural Health Center,1213,21,89,243,20,340
EPI00003126,Other settlement,O,MMR013008,Hlaingtharya,,,MMR013008005,Village Track,158817,HF008215,Rural Health Center,642,38,116,437,10,110
EPI00003127,Other settlement,O,MMR013008,Hlaingtharya,,,MMR013008005,Village Track,158817,HF008215,Rural Health Center,1289,25,95,296,17,340
EPI00003128,Other settlement,O,MMR013008,Hlaingtharya,,,MMR013008005,Village Track,158817,HF008215,Rural Health Center,2084,66,246,538,35,400
EPI00003129,Other settlement,O,MMR013008,Hlaingtharya,,,MMR013008005,Village Track,158817,HF008215,Rural Health Center,398,8,49,61,5,193
EPI00003130,Other settlement,O,MMR013008,Hlaingtharya,,,MMR013008005,Village Track,158817,HF008215,Rural Health Center,893,46,128,431,12,190
EPI00003131,Other settlement,O,MMR013008,Hlaingtharya,,,MMR013008005,Village Track,158817,HF008215,Rural Health Center,1364,28,92,319,25,360
EPI00003132,Other settlement,O,MMR013008,Hlaingtharya,,,MMR013008005,Village Track,158817,HF008215,Rural Health Center,442,13,71,125,20,235
EPI00003133,Other settlement,O,MMR013008,Hlaingtharya,,,MMR013008005,Village Track,158817,HF008215,Rural Health Center,431,10,47,109,15,170
EPI00003134,Other settlement,O,MMR013008,Hlaingtharya,,,MMR013008005,Village Track,158817,HF008215,Rural Health Center,451,11,37,43,4,150
EPI00003135,Other settlement,O,MMR013008,Hlaingtharya,,,MMR013008005,Village Track,158817,HF008215,Rural Health Center,428,14,49,56,6,162
EPI00003136,Other settlement,O,MMR013008,Hlaingtharya,,,MMR013008005,Village Track,158817,HF008215,Rural Health Center,437,6,25,37,5,163
EPI00003142,Other settlement,O,MMR013008,Hlaingtharya,,,MMR013008005,Village Track,158817,HF008215,Rural Health Center,1200,24,98,241,15,250
EPI00003143,Other settlement,O,MMR013008,Hlaingtharya,,,MMR013008005,Village Track,158817,HF008215,Rural Health Center,398,6,27,35,10,74
EPI00003144,Other settlement,O,MMR013008,Hlaingtharya,,,MMR013008005,Village Track,158817,HF008215,Rural Health Center,387,8,34,42,13,130
EPI00001734,Village,F,MMR013006,Htantabin,,,MMR013006036,Village Track,159009,HF008195,Sub Rural Health Center,725,22,90,238,22,433
EPI00001735,Workers settlement,F,MMR013006,Htantabin,,,MMR013006036,Village Track,159009,HF008195,Sub Rural Health Center,50,2,3,7,2,10
EPI00001736,Workers settlement,F,MMR013006,Htantabin,,,MMR013006036,Village Track,159009,HF008195,Sub Rural Health Center,30,1,2,8,1,10
EPI00001737,Workers settlement,F,MMR013006,Htantabin,,,MMR013006036,Village Track,159009,HF008195,Sub Rural Health Center,28,1,3,8,1,10
EPI00001738,Village,O,MMR013006,Htantabin,,,MMR013006036,Village Track,159010,HF008195,Sub Rural Health Center,501,9,51,139,9,302
EPI00001739,Workers settlement,O,MMR013006,Htantabin,,,MMR013006036,Village Track,159010,HF008195,Sub Rural Health Center,48,1,4,9,1,20
EPI00001740,Workers settlement,O,MMR013006,Htantabin,,,MMR013006036,Village Track,159010,HF008195,Sub Rural Health Center,35,3,6,8,3,10
EPI00001733,Village,O,MMR013006,Htantabin,,,MMR013006036,Village Track,159011,HF008195,Sub Rural Health Center,103,2,10,29,2,53
EPI00001729,Village,F,MMR013006,Htantabin,,,MMR013006040,Village Track,159085,HF008165,Rural Health Center,2604,86,250,529,88,1539
EPI00001730,Other settlement,F,MMR013006,Htantabin,,,MMR013006040,Village Track,159085,HF008165,Rural Health Center,103,3,12,20,1,39
EPI00001732,Village,O,MMR013006,Htantabin,,,MMR013006040,Village Track,159086,HF008165,Rural Health Center,291,2,16,60,3,181
EPI00001731,Village,O,MMR013006,Htantabin,,,MMR013006040,Village Track,159087,HF008165,Rural Health Center,339,6,28,76,5,182
EPI00001720,Village,O,MMR013006,Htantabin,,,MMR013006011,Village Track,159359,HF008171,Sub Rural Health Center,36,3,11,43,4,58
EPI00001721,Village,O,MMR013006,Htantabin,,,MMR013006011,Village Track,159360,HF008171,Sub Rural Health Center,44,3,18,54,4,58
EPI00001723,Village,O,MMR013006,Htantabin,,,MMR013006011,Village Track,159360,HF008171,Sub Rural Health Center,17,4,8,17,5,27
EPI00001719,Village,O,MMR013006,Htantabin,,,MMR013006011,Village Track,159362,HF008171,Sub Rural Health Center,108,5,30,99,6,88
EPI00001784,Village,F,MMR013006,Htantabin,,,MMR013006034,Village Track,159680,HF008188,Sub Rural Health Center,2392,41,230,652,42,741
EPI00001785,Village,O,MMR013006,Htantabin,,,MMR013006034,Village Track,159681,HF008188,Sub Rural Health Center,2922,60,255,691,62,825
EPI00001783,Village,O,MMR013006,Htantabin,,,MMR013006034,Village Track,159682,HF008188,Sub Rural Health Center,630,12,57,159,12,162
EPI00001616,Workers settlement,F,MMR013006,Htantabin,,,MMR013006031,Village Track,159813,HF008192,Sub Rural Health Center,14,1,2,4,0,7
EPI00001617,Workers settlement,F,MMR013006,Htantabin,,,MMR013006031,Village Track,159813,HF008192,Sub Rural Health Center,342,7,30,102,1,202
EPI00001618,Workers settlement,F,MMR013006,Htantabin,,,MMR013006031,Village Track,159813,HF008192,Sub Rural Health Center,34,1,4,5,2,22
EPI00001619,Workers settlement,F,MMR013006,Htantabin,,,MMR013006031,Village Track,159813,HF008192,Sub Rural Health Center,20,2,2,2,0,16
EPI00001620,Village,F,MMR013006,Htantabin,,,MMR013006031,Village Track,159813,HF008192,Sub Rural Health Center,1679,40,179,534,55,923
EPI00001621,Village,O,MMR013006,Htantabin,,,MMR013006031,Village Track,159814,HF008192,Sub Rural Health Center,470,10,42,106,4,288
EPI00001613,Village,O,MMR013006,Htantabin,,,MMR013006031,Village Track,159815,HF008192,Sub Rural Health Center,747,16,87,273,14,396
EPI00001614,Workers settlement,O,MMR013006,Htantabin,,,MMR013006031,Village Track,159815,HF008192,Sub Rural Health Center,10,1,2,2,1,6
EPI00001615,Workers settlement,O,MMR013006,Htantabin,,,MMR013006031,Village Track,159815,HF008192,Sub Rural Health Center,4,1,1,1,0,3
EPI00001622,Village,O,MMR013006,Htantabin,,,MMR013006031,Village Track,159816,HF008192,Sub Rural Health Center,372,1,36,88,2,233
EPI00001623,Workers settlement,O,MMR013006,Htantabin,,,MMR013006031,Village Track,159816,HF008192,Sub Rural Health Center,4,1,1,1,0,2
EPI00001624,Workers settlement,O,MMR013006,Htantabin,,,MMR013006031,Village Track,159816,HF008192,Sub Rural Health Center,60,1,10,17,2,30
EPI00001625,Workers settlement,O,MMR013006,Htantabin,,,MMR013006031,Village Track,159816,HF008192,Sub Rural Health Center,5,0,0,0,0,5
EPI00001606,Village,F,MMR013006,Htantabin,,,MMR013006016,Village Track,159841,HF008197,Sub Rural Health Center,644,19,73,236,20,170
EPI00001607,Workers settlement,F,MMR013006,Htantabin,,,MMR013006016,Village Track,159841,HF008197,Sub Rural Health Center,38,2,5,13,0,9
EPI00001604,Village,O,MMR013006,Htantabin,,,MMR013006016,Village Track,159842,HF008197,Sub Rural Health Center,300,13,40,95,12,89
EPI00001605,Workers settlement,O,MMR013006,Htantabin,,,MMR013006016,Village Track,159842,HF008197,Sub Rural Health Center,15,3,4,2,0,3
EPI00001627,Village,F,MMR013006,Htantabin,,,MMR013006052,Village Track,159942,HF008178,Sub Rural Health Center,904,26,58,262,15,248
EPI00001628,Other settlement,F,MMR013006,Htantabin,,,MMR013006052,Village Track,159942,HF008178,Sub Rural Health Center,20,0,2,3,0,3
EPI00001629,Workers settlement,F,MMR013006,Htantabin,,,MMR013006052,Village Track,159942,HF008178,Sub Rural Health Center,12,0,1,3,0,5
EPI00001630,Village,F,MMR013006,Htantabin,,,MMR013006052,Village Track,159943,HF008178,Sub Rural Health Center,134,0,8,32,4,41
EPI00001631,Village,F,MMR013006,Htantabin,,,MMR013006052,Village Track,159943,HF008178,Sub Rural Health Center,30,1,2,6,1,6
EPI00001626,Village,F,MMR013006,Htantabin,,,MMR013006052,Village Track,159944,HF008178,Sub Rural Health Center,148,2,10,50,2,49
EPI00003039,Other settlement,O,MMR013008,Hlaingtharya,,,MMR013008002,Village Track,160158,HF008218,Sub Rural Health Center,197,8,21,48,9,43
EPI00003040,Other settlement,O,MMR013008,Hlaingtharya,,,MMR013008002,Village Track,160158,HF008218,Sub Rural Health Center,190,4,25,42,5,58
EPI00003041,Other settlement,O,MMR013008,Hlaingtharya,,,MMR013008002,Village Track,160158,HF008218,Sub Rural Health Center,232,5,23,46,6,63
EPI00003042,Other settlement,O,MMR013008,Hlaingtharya,,,MMR013008002,Village Track,160158,HF008218,Sub Rural Health Center,193,3,19,43,4,51
EPI00003043,Village,O,MMR013008,Hlaingtharya,,,MMR013008002,Village Track,160158,HF008218,Sub Rural Health Center,14885,283,1003,2230,273,5022
EPI00003044,Other settlement,O,MMR013008,Hlaingtharya,,,MMR013008002,Village Track,160158,HF008218,Sub Rural Health Center,148,8,20,40,9,42
EPI00001791,Village,F,MMR013006,Htantabin,,,MMR013006026,Village Track,160358,HF008168,Sub Rural Health Center,958,18,95,249,20,226
EPI00001794,Village,O,MMR013006,Htantabin,,,MMR013006026,Village Track,160359,HF008168,Sub Rural Health Center,280,2,16,30,2,48
EPI00001797,Village,O,MMR013006,Htantabin,,,MMR013006026,Village Track,160360,HF008168,Sub Rural Health Center,150,0,18,28,0,32
EPI00001789,Village,O,MMR013006,Htantabin,,,MMR013006026,Village Track,160361,HF008168,Sub Rural Health Center,131,2,13,22,2,26
EPI00001795,Village,O,MMR013006,Htantabin,,,MMR013006026,Village Track,160362,HF008168,Sub Rural Health Center,1007,17,65,256,20,266
EPI00001787,Village,O,MMR013006,Htantabin,,,MMR013006026,Village Track,160363,HF008168,Sub Rural Health Center,184,6,32,53,7,37
EPI00001788,Village,F,MMR013006,Htantabin,,,MMR013006026,Village Track,160364,HF008168,Sub Rural Health Center,221,2,22,39,2,50
EPI00001793,Village,O,MMR013006,Htantabin,,,MMR013006026,Village Track,160366,HF008168,Sub Rural Health Center,161,4,16,23,5,37
EPI00001790,Village,O,MMR013006,Htantabin,,,MMR013006026,Village Track,160368,HF008168,Sub Rural Health Center,115,0,7,12,0,24
EPI00003031,Other settlement,O,MMR013008,Hlaingtharya,,,MMR013008009,Village Track,160389,HF008219,Sub Rural Health Center,2167,50,231,368,60,690
EPI00003032,Other settlement,O,MMR013008,Hlaingtharya,,,MMR013008009,Village Track,160389,HF008219,Sub Rural Health Center,2168,48,242,362,40,690
EPI00003034,Other settlement,O,MMR013008,Hlaingtharya,,,MMR013008009,Village Track,160389,HF008219,Sub Rural Health Center,800,30,80,170,38,500
EPI00003036,Village,F,MMR013008,Hlaingtharya,,,MMR013008009,Village Track,160389,HF008219,Sub Rural Health Center,10584,325,1002,2500,310,5680
EPI00003037,Other settlement,O,MMR013008,Hlaingtharya,,,MMR013008009,Village Track,160389,HF008219,Sub Rural Health Center,1050,33,111,227,32,900
EPI00003038,Other settlement,O,MMR013008,Hlaingtharya,,,MMR013008009,Village Track,160389,HF008219,Sub Rural Health Center,1895,60,240,541,40,598
EPI00003033,Village,O,MMR013008,Hlaingtharya,,,MMR013008009,Village Track,160390,HF008219,Sub Rural Health Center,3430,78,332,773,102,1643
EPI00001645,Village,O,MMR013006,Htantabin,,,MMR013006054,Village Track,160810,HF008185,Sub Rural Health Center,172,2,12,50,2,44
EPI00001648,Village,O,MMR013006,Htantabin,,,MMR013006054,Village Track,160811,HF008185,Sub Rural Health Center,137,4,14,41,4,42
EPI00001647,Village,O,MMR013006,Htantabin,,,MMR013006054,Village Track,160812,HF008185,Sub Rural Health Center,399,5,36,105,5,119
EPI00001643,Village,O,MMR013006,Htantabin,,,MMR013006054,Village Track,160813,HF008185,Sub Rural Health Center,226,7,18,60,7,67
EPI00001644,Other settlement,O,MMR013006,Htantabin,,,MMR013006054,Village Track,160813,HF008185,Sub Rural Health Center,19,0,2,6,1,5
EPI00001646,Village,O,MMR013006,Htantabin,,,MMR013006054,Village Track,160814,HF008185,Sub Rural Health Center,125,2,15,29,2,40
EPI00001654,Workers settlement,F,MMR013006,Htantabin,,,MMR013006024,Village Track,160820,HF008183,Sub Rural Health Center,19,1,0,6,1,5
EPI00001656,Workers settlement,F,MMR013006,Htantabin,,,MMR013006024,Village Track,160820,HF008183,Sub Rural Health Center,26,1,4,7,0,5
EPI00001660,Village,F,MMR013006,Htantabin,,,MMR013006024,Village Track,160820,HF008183,Sub Rural Health Center,1659,48,162,399,51,438
EPI00001661,Workers settlement,F,MMR013006,Htantabin,,,MMR013006024,Village Track,160820,HF008183,Sub Rural Health Center,9,0,0,0,0,2
EPI00001662,Workers settlement,F,MMR013006,Htantabin,,,MMR013006024,Village Track,160820,HF008183,Sub Rural Health Center,22,0,1,4,0,5
EPI00001663,Workers settlement,F,MMR013006,Htantabin,,,MMR013006024,Village Track,160820,HF008183,Sub Rural Health Center,3,0,1,0,0,1
EPI00001664,Workers settlement,F,MMR013006,Htantabin,,,MMR013006024,Village Track,160820,HF008183,Sub Rural Health Center,29,1,4,6,1,5
EPI00001665,Workers settlement,F,MMR013006,Htantabin,,,MMR013006024,Village Track,160820,HF008183,Sub Rural Health Center,18,0,1,6,0,4
EPI00001666,Workers settlement,F,MMR013006,Htantabin,,,MMR013006024,Village Track,160820,HF008183,Sub Rural Health Center,16,2,0,1,0,4
EPI00001667,Workers settlement,F,MMR013006,Htantabin,,,MMR013006024,Village Track,160820,HF008183,Sub Rural Health Center,9,0,1,4,0,2
EPI00001671,Village,O,MMR013006,Htantabin,,,MMR013006024,Village Track,160821,HF008183,Sub Rural Health Center,743,16,56,246,17,222
EPI00001672,Workers settlement,O,MMR013006,Htantabin,,,MMR013006024,Village Track,160821,HF008183,Sub Rural Health Center,19,0,0,5,0,4
EPI00001673,Workers settlement,O,MMR013006,Htantabin,,,MMR013006024,Village Track,160821,HF008183,Sub Rural Health Center,272,5,23,35,2,68
EPI00001674,Workers settlement,O,MMR013006,Htantabin,,,MMR013006024,Village Track,160821,HF008183,Sub Rural Health Center,44,0,0,12,2,13
EPI00001657,Village,O,MMR013006,Htantabin,,,MMR013006024,Village Track,160822,HF008183,Sub Rural Health Center,410,7,31,110,8,117
EPI00001658,Workers settlement,O,MMR013006,Htantabin,,,MMR013006024,Village Track,160822,HF008183,Sub Rural Health Center,7,0,0,0,0,3
EPI00001659,Workers settlement,O,MMR013006,Htantabin,,,MMR013006024,Village Track,160822,HF008183,Sub Rural Health Center,7,0,0,2,0,2
EPI00001651,Village,O,MMR013006,Htantabin,,,MMR013006024,Village Track,160823,HF008183,Sub Rural Health Center,59,2,9,17,0,14
EPI00001652,Workers settlement,O,MMR013006,Htantabin,,,MMR013006024,Village Track,160823,HF008183,Sub Rural Health Center,5,1,1,0,0,2
EPI00001653,Workers settlement,O,MMR013006,Htantabin,,,MMR013006024,Village Track,160823,HF008183,Sub Rural Health Center,9,0,1,0,0,2
EPI00001676,Village,O,MMR013006,Htantabin,,,MMR013006024,Village Track,160824,HF008183,Sub Rural Health Center,472,9,34,115,10,109
EPI00001677,Workers settlement,O,MMR013006,Htantabin,,,MMR013006024,Village Track,160824,HF008183,Sub Rural Health Center,10,0,2,0,0,6
EPI00001668,Village,O,MMR013006,Htantabin,,,MMR013006024,Village Track,160825,HF008183,Sub Rural Health Center,141,8,37,77,10,32
EPI00001669,Village,O,MMR013006,Htantabin,,,MMR013006024,Village Track,160825,HF008183,Sub Rural Health Center,18,2,1,3,0,16
EPI00001670,Village,O,MMR013006,Htantabin,,,MMR013006024,Village Track,160825,HF008183,Sub Rural Health Center,151,0,8,21,2,39
EPI00001683,Village,O,MMR013006,Htantabin,,,MMR013006047,Village Track,161391,HF008160,Station Health Unit,631,15,48,167,16,158
EPI00001682,Village,F,MMR013006,Htantabin,,,MMR013006047,Village Track,161392,HF008160,Station Health Unit,321,8,21,81,8,92
EPI00001786,Village,O,MMR013006,Htantabin,,,MMR013006047,Village Track,161393,HF008160,Station Health Unit,215,5,16,56,5,66
EPI00001649,Village,F,MMR013006,Htantabin,,,MMR013006029,Village Track,161462,HF008164,Rural Health Center,1339,21,95,396,21,497
EPI00001650,Village,F,MMR013006,Htantabin,,,MMR013006029,Village Track,161463,HF008164,Rural Health Center,751,19,89,173,19,284
EPI00001841,Other settlement,O,MMR013006,Htantabin,,,MMR013006008,Village Track,161479,HF008177,Sub Rural Health Center,23,2,4,5,1,8
EPI00001847,Village,O,MMR013006,Htantabin,,,MMR013006008,Village Track,161479,HF008177,Sub Rural Health Center,728,8,57,239,16,213
EPI00001843,Village,O,MMR013006,Htantabin,,,MMR013006008,Village Track,161480,HF008177,Sub Rural Health Center,18,1,3,3,1,5
EPI00001842,Village,O,MMR013006,Htantabin,,,MMR013006008,Village Track,161482,HF008177,Sub Rural Health Center,283,3,20,76,6,85
EPI00001846,Workers settlement,O,MMR013006,Htantabin,,,MMR013006008,Village Track,161482,HF008177,Sub Rural Health Center,33,1,5,7,1,8
EPI00001724,Other settlement,O,MMR013006,Htantabin,,,MMR013006008,Village Track,161483,HF008177,Sub Rural Health Center,42,2,5,3,1,19
EPI00001845,Village,O,MMR013006,Htantabin,,,MMR013006008,Village Track,161483,HF008177,Sub Rural Health Center,266,2,25,81,5,61
EPI00001840,Village,F,MMR013006,Htantabin,,,MMR013006002,Village Track,162081,HF008187,Sub Rural Health Center,1570,28,97,343,42,486
EPI00001838,Village,O,MMR013006,Htantabin,,,MMR013006002,Village Track,162082,HF008187,Sub Rural Health Center,330,4,16,72,2,101
EPI00001839,Village,F,MMR013006,Htantabin,,,MMR013006002,Village Track,162083,HF008187,Sub Rural Health Center,329,6,28,98,5,103
EPI00001558,Village,O,MMR013006,Htantabin,,,MMR013006022,Village Track,162849,HF008182,Sub Rural Health Center,118,3,15,43,2,25
EPI00001679,Village,O,MMR013006,Htantabin,,,MMR013006046,Village Track,162850,HF008164,Rural Health Center,365,21,74,157,21,162
EPI00001681,Village,O,MMR013006,Htantabin,,,MMR013006046,Village Track,162851,HF008164,Rural Health Center,222,20,42,115,20,112
EPI00001678,Village,F,MMR013006,Htantabin,,,MMR013006046,Village Track,162852,HF008164,Rural Health Center,114,18,42,113,18,232
EPI00001837,Village,F,MMR013006,Htantabin,,,MMR013006033,Village Track,163030,HF008176,Sub Rural Health Center,3200,46,321,720,60,970
EPI00001836,Village,F,MMR013006,Htantabin,,,MMR013006033,Village Track,163031,HF008176,Sub Rural Health Center,1700,21,142,344,20,489
EPI00001823,Village,O,MMR013006,Htantabin,,,MMR013006053,Village Track,163233,HF008175,Sub Rural Health Center,190,4,9,54,4,32
EPI00001824,Other settlement,O,MMR013006,Htantabin,,,MMR013006053,Village Track,163233,HF008175,Sub Rural Health Center,63,2,3,28,2,28
EPI00001816,Village,O,MMR013006,Htantabin,,,MMR013006053,Village Track,163234,HF008175,Sub Rural Health Center,287,7,12,93,7,61
EPI00001818,Village,O,MMR013006,Htantabin,,,MMR013006053,Village Track,163235,HF008175,Sub Rural Health Center,108,2,7,29,2,27
EPI00001825,Village,F,MMR013006,Htantabin,,,MMR013006053,Village Track,163237,HF008175,Sub Rural Health Center,278,7,20,75,7,69
EPI00001821,Village,O,MMR013006,Htantabin,,,MMR013006053,Village Track,163238,HF008175,Sub Rural Health Center,141,3,9,46,3,39
EPI00001826,Village,F,MMR013006,Htantabin,,,MMR013006053,Village Track,163239,HF008175,Sub Rural Health Center,67,2,6,22,2,22
EPI00001819,Village,O,MMR013006,Htantabin,,,MMR013006053,Village Track,163240,HF008175,Sub Rural Health Center,716,16,50,229,16,176
EPI00001817,Village,F,MMR013006,Htantabin,,,MMR013006053,Village Track,163241,HF008175,Sub Rural Health Center,594,15,49,174,15,121
EPI00001762,Village,F,MMR013006,Htantabin,,,MMR013006023,Village Track,163242,HF008163,Rural Health Center,463,7,34,132,8,130
EPI00001827,Village,F,MMR013006,Htantabin,,,MMR013006053,Village Track,163242,HF008175,Sub Rural Health Center,481,13,36,188,13,112
EPI00001828,Other settlement,F,MMR013006,Htantabin,,,MMR013006053,Village Track,163242,HF008175,Sub Rural Health Center,231,5,31,42,6,69
EPI00001822,Village,F,MMR013006,Htantabin,,,MMR013006053,Village Track,163243,HF008175,Sub Rural Health Center,544,12,47,177,13,139
EPI00001813,Village,F,MMR013006,Htantabin,,,MMR013006006,Village Track,163407,HF008181,Sub Rural Health Center,120,4,14,37,3,32
EPI00001814,Village,F,MMR013006,Htantabin,,,MMR013006006,Village Track,163408,HF008181,Sub Rural Health Center,223,6,22,52,4,60
EPI00001815,Village,F,MMR013006,Htantabin,,,MMR013006006,Village Track,163409,HF008181,Sub Rural Health Center,199,4,16,59,3,43
EPI00001804,Village,F,MMR013006,Htantabin,,,MMR013006038,Village Track,163440,HF008191,Sub Rural Health Center,1184,18,81,270,30,721
EPI00001805,Other settlement,F,MMR013006,Htantabin,,,MMR013006038,Village Track,163440,HF008191,Sub Rural Health Center,160,2,13,25,2,101
EPI00001806,Village,F,MMR013006,Htantabin,,,MMR013006038,Village Track,163442,HF008191,Sub Rural Health Center,59,1,1,9,0,38
EPI00001803,Village,F,MMR013006,Htantabin,,,MMR013006038,Village Track,163443,HF008191,Sub Rural Health Center,173,4,19,57,5,98
EPI00001812,Village,O,MMR013006,Htantabin,,,MMR013006007,Village Track,163501,HF008162,Rural Health Center,1170,17,59,232,18,332
EPI00001809,Village,O,MMR013006,Htantabin,,,MMR013006007,Village Track,163502,HF008162,Rural Health Center,418,8,26,89,8,109
EPI00001800,Village,F,MMR013006,Htantabin,,,MMR013006005,Village Track,163694,HF008190,Sub Rural Health Center,518,10,42,99,7,73
EPI00001801,Village,F,MMR013006,Htantabin,,,MMR013006005,Village Track,163694,HF008190,Sub Rural Health Center,138,2,12,23,1,20
EPI00001802,Village,F,MMR013006,Htantabin,,,MMR013006005,Village Track,163694,HF008190,Sub Rural Health Center,158,2,14,28,0,20
EPI00001844,Village,O,MMR013006,Htantabin,,,MMR013006008,Village Track,219246,HF008177,Sub Rural Health Center,442,9,25,92,2,130
EPI00001608,Village,O,MMR013006,Htantabin,,,MMR013006016,Village Track,219247,HF008197,Sub Rural Health Center,305,9,37,104,12,77
EPI00001609,Workers settlement,O,MMR013006,Htantabin,,,MMR013006016,Village Track,219247,HF008197,Sub Rural Health Center,49,2,5,18,1,18
EPI00001680,Village,O,MMR013006,Htantabin,,,MMR013006046,Village Track,219248,HF008164,Rural Health Center,4046,47,189,413,48,523
EPI00001600,Village,F,MMR013006,Htantabin,,,MMR013006030,Village Track,219249,HF008186,Sub Rural Health Center,526,19,61,175,12,100
EPI00001581,Village,O,MMR013006,Htantabin,,,MMR013006003,Village Track,220233,HF008176,Sub Rural Health Center,200,8,43,60,5,106
EPI00003578,Other settlement,O,MMR013008,Hlaingtharya,,,MMR013008004,Village Track,NA,HF008219,Sub Rural Health Center,330,35,125,109,50,152
EPI00000606,Ward,F,MMR013039,Sanchaung,MMR013039701,???????????,MMR013039701507,Ward,NA,HF008625,Urban Health Center,6994,105,553,1832,119,1686
EPI00000607,Ward,F,MMR013039,Sanchaung,MMR013039701,???????????,MMR013039701505,Ward,NA,HF008625,Urban Health Center,3906,89,309,1023,66,941
EPI00000608,Ward,F,MMR013039,Sanchaung,MMR013039701,???????????,MMR013039701506,Ward,NA,HF008625,Urban Health Center,4469,67,353,1171,76,1077
EPI00000133,Ward,F,MMR013038,Kyeemyindaing,MMR013038701,??????????????,MMR013038701516,Ward,NA,HF008619,Sub Urban Health Center,2862,36,127,433,41,844
EPI00000134,Ward,F,MMR013038,Kyeemyindaing,MMR013038701,??????????????,MMR013038701514,Ward,NA,HF008619,Sub Urban Health Center,4872,48,203,608,52,1454
EPI00000136,Ward (p),F,MMR013038,Kyeemyindaing,MMR013038701,??????????????,MMR013038701520,Ward,NA,HF008620,Rural Health Center,4165,104,364,633,114,1137
EPI00000161,Ward (p),O,MMR013038,Kyeemyindaing,MMR013038701,??????????????,MMR013038701520,Ward,NA,HF008620,Rural Health Center,4113,113,379,654,111,1124
EPI00000158,Ward (p),O,MMR013038,Kyeemyindaing,MMR013038701,??????????????,MMR013038701520,Ward,NA,HF008624,Sub Rural Health Center,7894,198,786,1983,214,2245
EPI00000609,Ward,F,MMR013039,Sanchaung,MMR013039701,???????????,MMR013039701512,Ward,NA,HF008625,Urban Health Center,6889,103,544,1805,117,1660
EPI00000610,Ward,F,MMR013039,Sanchaung,MMR013039701,???????????,MMR013039701511,Ward,NA,HF008625,Urban Health Center,6598,99,521,1729,112,1590
EPI00000137,Ward (p),O,MMR013038,Kyeemyindaing,MMR013038701,??????????????,MMR013038701521,Ward,NA,HF008622,Sub Rural Health Center,3724,93,454,723,101,1132
EPI00000138,Ward (p),O,MMR013038,Kyeemyindaing,MMR013038701,??????????????,MMR013038701521,Ward,NA,HF008622,Sub Rural Health Center,2911,72,356,520,79,893
EPI00000139,Ward (p),O,MMR013038,Kyeemyindaing,MMR013038701,??????????????,MMR013038701521,Ward,NA,HF008622,Sub Rural Health Center,3287,82,407,622,90,1022
EPI00000140,Ward,F,MMR013038,Kyeemyindaing,MMR013038701,??????????????,MMR013038701517,Ward,NA,HF008619,Sub Urban Health Center,2904,30,145,402,34,952
EPI00000141,Ward,F,MMR013038,Kyeemyindaing,MMR013038701,??????????????,MMR013038701510,Ward,NA,HF008618,Urban Health Center,4566,42,225,548,54,1089
EPI00000142,Ward,F,MMR013038,Kyeemyindaing,MMR013038701,??????????????,MMR013038701509,Ward,NA,HF008618,Urban Health Center,4826,42,236,574,56,1105
EPI00000143,Ward,F,MMR013038,Kyeemyindaing,MMR013038701,??????????????,MMR013038701513,Ward,NA,HF008619,Sub Urban Health Center,6902,97,396,852,108,1898
EPI00000144,Ward,F,MMR013038,Kyeemyindaing,MMR013038701,??????????????,MMR013038701515,Ward,NA,HF008619,Sub Urban Health Center,4328,47,166,616,55,1442
EPI00000146,Ward,F,MMR013038,Kyeemyindaing,MMR013038701,??????????????,MMR013038701512,Ward,NA,HF008619,Sub Urban Health Center,3572,21,119,453,29,1182
EPI00000147,Ward,F,MMR013038,Kyeemyindaing,MMR013038701,??????????????,MMR013038701508,Ward,NA,HF008618,Urban Health Center,3544,34,198,470,37,784
EPI00000148,Ward,F,MMR013038,Kyeemyindaing,MMR013038701,??????????????,MMR013038701507,Ward,NA,HF008618,Urban Health Center,3329,41,222,460,39,858
EPI00000149,Ward,F,MMR013038,Kyeemyindaing,MMR013038701,??????????????,MMR013038701506,Ward,NA,HF008618,Urban Health Center,1612,17,97,275,18,403
EPI00000150,Ward,F,MMR013038,Kyeemyindaing,MMR013038701,??????????????,MMR013038701505,Ward,NA,HF008618,Urban Health Center,4550,37,247,646,49,994
EPI00000611,Ward,O,MMR013039,Sanchaung,MMR013039701,???????????,MMR013039701518,Ward,NA,HF008625,Urban Health Center,8016,120,633,2100,136,1932
EPI00000612,Ward,F,MMR013039,Sanchaung,MMR013039701,???????????,MMR013039701517,Ward,NA,HF008625,Urban Health Center,8438,127,666,2211,143,2034
EPI00000613,Ward,F,MMR013039,Sanchaung,MMR013039701,???????????,MMR013039701504,Ward,NA,HF008625,Urban Health Center,10890,163,860,2853,185,2624
EPI00000614,Ward,O,MMR013039,Sanchaung,MMR013039701,???????????,MMR013039701503,Ward,NA,HF008625,Urban Health Center,4767,72,377,1249,81,1149
EPI00000615,Ward,F,MMR013039,Sanchaung,MMR013039701,???????????,MMR013039701513,Ward,NA,HF008625,Urban Health Center,3819,57,302,1001,65,920
EPI00000616,Ward,O,MMR013039,Sanchaung,MMR013039701,???????????,MMR013039701510,Ward,NA,HF008625,Urban Health Center,6637,100,524,1738,113,1600
EPI00000617,Ward,F,MMR013039,Sanchaung,MMR013039701,???????????,MMR013039701509,Ward,NA,HF008625,Urban Health Center,4480,67,354,1174,76,1080
EPI00000151,Ward (p),F,MMR013038,Kyeemyindaing,MMR013038701,??????????????,MMR013038701522,Ward,NA,HF008623,Sub Rural Health Center,5512,124,447,910,149,1845
EPI00000152,Ward (p),F,MMR013038,Kyeemyindaing,MMR013038701,??????????????,MMR013038701522,Ward,NA,HF008623,Sub Rural Health Center,2839,71,243,513,76,896
EPI00000618,Ward,F,MMR013039,Sanchaung,MMR013039701,???????????,MMR013039701502,Ward,NA,HF008625,Urban Health Center,4610,69,364,1308,79,1111
EPI00000619,Ward,F,MMR013039,Sanchaung,MMR013039701,???????????,MMR013039701501,Ward,NA,HF008625,Urban Health Center,5755,86,455,1508,79,1387
EPI00000620,Ward,F,MMR013039,Sanchaung,MMR013039701,???????????,MMR013039701508,Ward,NA,HF008625,Urban Health Center,4487,67,354,1176,76,1081
EPI00000153,Ward,F,MMR013038,Kyeemyindaing,MMR013038701,??????????????,MMR013038701502,Ward,NA,HF008618,Urban Health Center,3314,35,168,374,35,794
EPI00000154,Ward,F,MMR013038,Kyeemyindaing,MMR013038701,??????????????,MMR013038701501,Ward,NA,HF008618,Urban Health Center,2624,28,153,354,42,638
EPI00000155,Ward,O,MMR013038,Kyeemyindaing,MMR013038701,??????????????,MMR013038701504,Ward,NA,HF008618,Urban Health Center,3441,37,229,534,40,874
EPI00000156,Ward,F,MMR013038,Kyeemyindaing,MMR013038701,??????????????,MMR013038701503,Ward,NA,HF008618,Urban Health Center,3675,33,228,586,38,927
EPI00000157,Ward,F,MMR013038,Kyeemyindaing,MMR013038701,??????????????,MMR013038701518,Ward,NA,HF008619,Sub Urban Health Center,4246,42,179,558,49,1131
EPI00000621,Ward,F,MMR013039,Sanchaung,MMR013039701,???????????,MMR013039701515,Ward,NA,HF008625,Urban Health Center,4072,61,322,1069,69,981
EPI00000622,Ward,F,MMR013039,Sanchaung,MMR013039701,???????????,MMR013039701516,Ward,NA,HF008625,Urban Health Center,4659,70,368,1221,79,1123
EPI00001859,Ward,F,MMR013006,Htantabin,MMR013006701,????????,MMR013006701501,Ward,NA,HF008159,Maternal and Child Health Center,2149,32,201,549,49,673
EPI00003059,Ward,O,MMR013008,Hlaingtharya,MMR013008701,??????????,MMR013008701510,Ward,NA,HF008214,Sub Urban Health Center,7796,111,250,320,166,426
EPI00003061,Other settlement,O,MMR013008,Hlaingtharya,MMR013008701,??????????,MMR013008701510,Ward,NA,HF008214,Sub Urban Health Center,104,11,18,28,7,28
EPI00003056,Ward,O,MMR013008,Hlaingtharya,MMR013008701,??????????,MMR013008701501,Ward,NA,HF008214,Sub Urban Health Center,21375,447,919,1505,516,3853
EPI00003057,Other settlement,O,MMR013008,Hlaingtharya,MMR013008701,??????????,MMR013008701501,Ward,NA,HF008214,Sub Urban Health Center,250,7,21,30,15,32
EPI00003058,Other settlement,O,MMR013008,Hlaingtharya,MMR013008701,??????????,MMR013008701501,Ward,NA,HF008214,Sub Urban Health Center,550,12,28,38,23,58
EPI00000011,Ward,F,MMR013033,Kyauktada,MMR013033701,???????????,MMR013033701501,Ward,NA,HF008606,????????????????????,2743,23,100,629,25,665
EPI00003060,Ward,O,MMR013008,Hlaingtharya,MMR013008701,??????????,MMR013008701510,Ward,NA,HF008213,Urban Health Center,17916,364,1494,4033,425,5137
EPI00003062,Ward,O,MMR013008,Hlaingtharya,MMR013008701,??????????,MMR013008701511,Ward,NA,HF008213,Urban Health Center,23695,481,2136,5118,562,7364
EPI00003063,Ward,F,MMR013008,Hlaingtharya,MMR013008701,??????????,MMR013008701512,Ward,NA,HF008213,Urban Health Center,16839,342,1448,3349,408,5259
EPI00003064,Ward,O,MMR013008,Hlaingtharya,MMR013008701,??????????,MMR013008701513,Ward,NA,HF008213,Urban Health Center,14974,304,969,2465,355,4688
EPI00003065,Ward,O,MMR013008,Hlaingtharya,MMR013008701,??????????,MMR013008701514,Ward,NA,HF008213,Urban Health Center,21059,427,1807,4513,499,6594
EPI00003066,Other settlement,O,MMR013008,Hlaingtharya,MMR013008701,??????????,MMR013008701514,Ward,NA,HF008213,Urban Health Center,341,7,66,89,8,96
EPI00003067,Other settlement,O,MMR013008,Hlaingtharya,MMR013008701,??????????,MMR013008701514,Ward,NA,HF008213,Urban Health Center,283,6,49,76,7,86
EPI00003068,Other settlement,O,MMR013008,Hlaingtharya,MMR013008701,??????????,MMR013008701514,Ward,NA,HF008213,Urban Health Center,100,2,18,49,2,37
EPI00003069,Ward,O,MMR013008,Hlaingtharya,MMR013008701,??????????,MMR013008701515,Ward,NA,HF008214,Sub Urban Health Center,20112,541,155,327,105,4960
EPI00003070,Other settlement,O,MMR013008,Hlaingtharya,MMR013008701,??????????,MMR013008701515,Ward,NA,HF008214,Sub Urban Health Center,250,13,35,175,15,133
EPI00003071,Other settlement,O,MMR013008,Hlaingtharya,MMR013008701,??????????,MMR013008701515,Ward,NA,HF008214,Sub Urban Health Center,650,31,99,311,33,401
EPI00003072,Ward,O,MMR013008,Hlaingtharya,MMR013008701,??????????,MMR013008701516,Ward,NA,HF008214,Sub Urban Health Center,26353,510,1835,3615,649,5861
EPI00003073,Other settlement,O,MMR013008,Hlaingtharya,MMR013008701,??????????,MMR013008701517,Ward,NA,HF008220,Sub Rural Health Center,110,9,17,28,10,34
EPI00003074,Ward,O,MMR013008,Hlaingtharya,MMR013008701,??????????,MMR013008701517,Ward,NA,HF008220,Sub Rural Health Center,819,15,46,87,20,125
EPI00003075,Other settlement,F,MMR013008,Hlaingtharya,MMR013008701,??????????,MMR013008701518,Ward,NA,HF008220,Sub Rural Health Center,1141,4,42,59,65,35
EPI00003076,Ward,O,MMR013008,Hlaingtharya,MMR013008701,??????????,MMR013008701518,Ward,NA,HF008220,Sub Rural Health Center,31050,551,1699,4759,500,11199
EPI00003077,Ward,O,MMR013008,Hlaingtharya,MMR013008701,??????????,MMR013008701519,Ward,NA,HF008220,Sub Rural Health Center,31436,562,2248,3970,585,5990
EPI00003078,Other settlement,O,MMR013008,Hlaingtharya,MMR013008701,??????????,MMR013008701519,Ward,NA,HF008220,Sub Rural Health Center,789,3,36,50,3,150
EPI00003079,Other settlement,O,MMR013008,Hlaingtharya,MMR013008701,??????????,MMR013008701519,Ward,NA,HF008220,Sub Rural Health Center,900,3,38,50,3,160
EPI00003080,Other settlement,O,MMR013008,Hlaingtharya,MMR013008701,??????????,MMR013008701519,Ward,NA,HF008220,Sub Rural Health Center,800,5,39,52,4,145
EPI00001860,Other settlement,F,MMR013006,Htantabin,MMR013006701,????????,MMR013006701502,Ward,NA,HF008159,Maternal and Child Health Center,60,5,15,7,3,30
EPI00003081,Ward,O,MMR013008,Hlaingtharya,MMR013008701,??????????,MMR013008701502,Ward,NA,HF008214,Sub Urban Health Center,12291,231,1331,3574,296,3893
EPI00003082,Other settlement,O,MMR013008,Hlaingtharya,MMR013008701,??????????,MMR013008701502,Ward,NA,HF008214,Sub Urban Health Center,2006,40,164,292,31,512
EPI00003083,Other settlement,O,MMR013008,Hlaingtharya,MMR013008701,??????????,MMR013008701502,Ward,NA,HF008214,Sub Urban Health Center,400,8,33,59,6,103
EPI00003084,Ward,O,MMR013008,Hlaingtharya,MMR013008701,??????????,MMR013008701502,Ward,NA,HF008214,Sub Urban Health Center,168,3,15,18,3,5
EPI00001861,Ward,F,MMR013006,Htantabin,MMR013006701,????????,MMR013006701502,Ward,NA,HF008159,Maternal and Child Health Center,1455,38,155,430,40,443
EPI00000012,Ward,F,MMR013033,Kyauktada,MMR013033701,???????????,MMR013033701502,Ward,NA,HF008606,????????????????????,3637,26,105,897,31,951
EPI00003090,Other settlement,O,MMR013008,Hlaingtharya,MMR013008701,??????????,MMR013008701520,Ward,NA,HF008213,Urban Health Center,4121,84,473,1106,98,1958
EPI00003085,Ward,O,MMR013008,Hlaingtharya,MMR013008701,??????????,MMR013008701520,Ward,NA,HF008213,Urban Health Center,34819,705,2587,7865,825,11023
EPI00003086,Other settlement,O,MMR013008,Hlaingtharya,MMR013008701,??????????,MMR013008701520,Ward,NA,HF008213,Urban Health Center,428,9,85,107,10,142
EPI00003087,Other settlement,O,MMR013008,Hlaingtharya,MMR013008701,??????????,MMR013008701520,Ward,NA,HF008213,Urban Health Center,817,17,163,204,19,272
EPI00003088,Other settlement,O,MMR013008,Hlaingtharya,MMR013008701,??????????,MMR013008701520,Ward,NA,HF008213,Urban Health Center,736,15,147,184,17,245
EPI00003089,Other settlement,O,MMR013008,Hlaingtharya,MMR013008701,??????????,MMR013008701520,Ward,NA,HF008213,Urban Health Center,1125,23,225,281,27,375
EPI00001862,Ward,F,MMR013006,Htantabin,MMR013006701,????????,MMR013006701503,Ward,NA,HF008159,Maternal and Child Health Center,2538,83,261,731,53,766
EPI00003091,Ward,F,MMR013008,Hlaingtharya,MMR013008701,??????????,MMR013008701503,Ward,NA,HF008214,Sub Urban Health Center,12288,284,1166,2961,346,3580
EPI00003092,Other settlement,O,MMR013008,Hlaingtharya,MMR013008701,??????????,MMR013008701503,Ward,NA,HF008214,Sub Urban Health Center,4500,102,418,1037,121,1278
EPI00003093,Other settlement,O,MMR013008,Hlaingtharya,MMR013008701,??????????,MMR013008701503,Ward,NA,HF008214,Sub Urban Health Center,1000,20,86,148,15,259
EPI00000013,Ward,F,MMR013033,Kyauktada,MMR013033701,???????????,MMR013033701503,Ward,NA,HF008606,????????????????????,3252,28,112,699,32,879
EPI00001863,Ward,F,MMR013006,Htantabin,MMR013006701,????????,MMR013006701504,Ward,NA,HF008159,Maternal and Child Health Center,1614,23,165,466,35,399
EPI00000014,Ward,F,MMR013033,Kyauktada,MMR013033701,???????????,MMR013033701504,Ward,NA,HF008606,????????????????????,2004,13,77,288,18,502
EPI00003094,Ward,O,MMR013008,Hlaingtharya,MMR013008701,??????????,MMR013008701504,Ward,NA,HF008214,Sub Urban Health Center,1639,68,289,813,153,1399
EPI00000015,Ward,F,MMR013033,Kyauktada,MMR013033701,???????????,MMR013033701505,Ward,NA,HF008606,????????????????????,2723,19,89,632,23,725
EPI00001864,Ward,F,MMR013006,Htantabin,MMR013006701,????????,MMR013006701505,Ward,NA,HF008159,Maternal and Child Health Center,793,19,90,230,20,215
EPI00003095,Other settlement,O,MMR013008,Hlaingtharya,MMR013008701,??????????,MMR013008701505,Ward,NA,HF008218,Sub Rural Health Center,792,4,18,43,5,281
EPI00003096,Other settlement,O,MMR013008,Hlaingtharya,MMR013008701,??????????,MMR013008701505,Ward,NA,HF008218,Sub Rural Health Center,803,6,19,42,7,287
EPI00003097,Ward,O,MMR013008,Hlaingtharya,MMR013008701,??????????,MMR013008701505,Ward,NA,HF008218,Sub Rural Health Center,43854,585,3132,8658,600,13140
EPI00003098,Other settlement,O,MMR013008,Hlaingtharya,MMR013008701,??????????,MMR013008701505,Ward,NA,HF008218,Sub Rural Health Center,771,4,18,41,5,251
EPI00003099,Other settlement,O,MMR013008,Hlaingtharya,MMR013008701,??????????,MMR013008701505,Ward,NA,HF008218,Sub Rural Health Center,471,4,7,21,4,248
EPI00003100,Other settlement,O,MMR013008,Hlaingtharya,MMR013008701,??????????,MMR013008701505,Ward,NA,HF008218,Sub Rural Health Center,800,6,20,42,7,285
EPI00003101,Other settlement,O,MMR013008,Hlaingtharya,MMR013008701,??????????,MMR013008701505,Ward,NA,HF008218,Sub Rural Health Center,607,5,18,38,6,274
EPI00003102,Other settlement,O,MMR013008,Hlaingtharya,MMR013008701,??????????,MMR013008701505,Ward,NA,HF008218,Sub Rural Health Center,736,4,14,35,4,252
EPI00003103,Other settlement,O,MMR013008,Hlaingtharya,MMR013008701,??????????,MMR013008701506,Ward,NA,HF008214,Sub Urban Health Center,2030,20,28,35,34,100
EPI00003104,Ward,O,MMR013008,Hlaingtharya,MMR013008701,??????????,MMR013008701506,Ward,NA,HF008214,Sub Urban Health Center,16828,352,1116,3117,400,3802
EPI00000016,Ward,F,MMR013033,Kyauktada,MMR013033701,???????????,MMR013033701506,Ward,NA,HF008606,????????????????????,2872,26,105,700,32,705
EPI00003106,Ward,O,MMR013008,Hlaingtharya,MMR013008701,??????????,MMR013008701507,Ward,NA,HF008214,Sub Urban Health Center,24573,633,1445,2370,666,7794
EPI00000017,Ward,F,MMR013033,Kyauktada,MMR013033701,???????????,MMR013033701507,Ward,NA,HF008606,????????????????????,3551,24,106,842,30,940
EPI00003105,Other settlement,O,MMR013008,Hlaingtharya,MMR013008701,??????????,MMR013008701507,Ward,NA,HF008214,Sub Urban Health Center,1000,7,20,27,30,75
EPI00003107,Ward,O,MMR013008,Hlaingtharya,MMR013008701,??????????,MMR013008701507,Ward,NA,HF008214,Sub Urban Health Center,18338,300,1130,3920,3450,496
EPI00003108,Ward,O,MMR013008,Hlaingtharya,MMR013008701,??????????,MMR013008701508,Ward,NA,HF008214,Sub Urban Health Center,9419,132,294,433,246,2456
EPI00003109,Workers settlement,O,MMR013008,Hlaingtharya,MMR013008701,??????????,MMR013008701508,Ward,NA,HF008214,Sub Urban Health Center,100,3,10,20,4,30
EPI00003110,Other settlement,O,MMR013008,Hlaingtharya,MMR013008701,??????????,MMR013008701508,Ward,NA,HF008214,Sub Urban Health Center,246,8,18,22,15,70
EPI00000018,Ward,F,MMR013033,Kyauktada,MMR013033701,???????????,MMR013033701508,Ward,NA,HF008606,????????????????????,3291,27,111,822,32,873
EPI00003111,Ward,O,MMR013008,Hlaingtharya,MMR013008701,??????????,MMR013008701509,Ward,NA,HF008213,Urban Health Center,22841,461,1554,4852,541,6599
EPI00000019,Ward,F,MMR013033,Kyauktada,MMR013033701,???????????,MMR013033701509,Ward,NA,HF008606,????????????????????,4228,29,118,979,33,1194
EPI00000159,Ward,F,MMR013038,Kyeemyindaing,MMR013038701,??????????????,MMR013038701511,Ward,NA,HF008619,Sub Urban Health Center,5330,38,170,561,48,1542
EPI00000135,Ward (p),O,MMR013038,Kyeemyindaing,MMR013038701,??????????????,MMR013038701519,Ward,NA,HF008621,Sub Rural Health Center,2813,65,440,956,76,630
EPI00000145,Ward (p),F,MMR013038,Kyeemyindaing,MMR013038701,??????????????,MMR013038701519,Ward,NA,HF008621,Sub Rural Health Center,5236,137,586,1329,141,1319
EPI00000160,Ward (p),O,MMR013038,Kyeemyindaing,MMR013038701,??????????????,MMR013038701519,Ward,NA,HF008621,Sub Rural Health Center,2764,74,388,894,74,687
EPI00000623,Ward,F,MMR013039,Sanchaung,MMR013039701,???????????,MMR013039701514,Ward,NA,HF008625,Urban Health Center,3259,49,257,854,55,785
EPI00001727,Other settlement,O,MMR013006,Htantabin,,,MMR013006010,Village Track,Outside a village,HF008173,Sub Rural Health Center,79,2,5,39,2,20
EPI00001728,Other settlement,O,MMR013006,Htantabin,,,MMR013006010,Village Track,Outside a village,HF008173,Sub Rural Health Center,34,0,1,12,1,16
EPI00001553,Other settlement,O,MMR013006,Htantabin,,,MMR013006053,Village Track,Outside a village,HF008175,Sub Rural Health Center,31,2,19,13,3,23
EPI00001591,Other settlement,F,MMR013006,Htantabin,,,MMR013006053,Village Track,Outside a village,HF008175,Sub Rural Health Center,148,3,21,66,3,77
EPI00001741,Other settlement,F,MMR013006,Htantabin,,,MMR013006053,Village Track,Outside a village,HF008175,Sub Rural Health Center,92,2,15,45,2,43
EPI00001835,Other settlement,O,MMR013006,Htantabin,,,MMR013006053,Village Track,Outside a village,HF008175,Sub Rural Health Center,36,1,3,18,1,21
EPI00003007,Village,O,MMR013008,Hlaingtharya,,,MMR013008001,Village Track,Village not in MIMU list,HF008214,Sub Urban Health Center,3898,98,100,206,132,302
EPI00001525,Village,O,MMR013006,Htantabin,,,MMR013006025,Village Track,Village not in MIMU list,HF008169,Sub Rural Health Center,168,1,29,49,3,40
EPI00001547,Other settlement,O,MMR013006,Htantabin,,,MMR013006012,Village Track,Village not in MIMU list,HF008194,Sub Rural Health Center,28,2,3,8,2,4
EPI00001745,Village,F,MMR013006,Htantabin,,,MMR013006050,Village Track,Village not in MIMU list,HF008166,Sub Rural Health Center,297,8,28,81,8,83
EPI00001576,Village,O,MMR013006,Htantabin,,,MMR013006049,Village Track,Village not in MIMU list,HF008169,Sub Rural Health Center,45,0,4,14,0,12
EPI00001577,Village,F,MMR013006,Htantabin,,,MMR013006049,Village Track,Village not in MIMU list,HF008169,Sub Rural Health Center,153,5,47,95,4,27
EPI00001578,Village,O,MMR013006,Htantabin,,,MMR013006049,Village Track,Village not in MIMU list,HF008169,Sub Rural Health Center,113,3,14,35,1,28
EPI00001531,Village,O,MMR013006,Htantabin,,,MMR013006003,Village Track,Village not in MIMU list,HF008176,Sub Rural Health Center,620,20,88,148,5,162
EPI00003013,Village,O,MMR013008,Hlaingtharya,,,MMR013008008,Village Track,Village not in MIMU list,HF008216,Sub Rural Health Center,397,17,60,149,13,103
EPI00003014,Village,O,MMR013008,Hlaingtharya,,,MMR013008008,Village Track,Village not in MIMU list,HF008216,Sub Rural Health Center,360,12,45,89,13,101
EPI00001642,Village,O,MMR013006,Htantabin,,,MMR013006030,Village Track,Village not in MIMU list,HF008186,Sub Rural Health Center,378,2,29,104,5,87
EPI00001610,Village,O,MMR013006,Htantabin,,,MMR013006016,Village Track,Village not in MIMU list,HF008197,Sub Rural Health Center,257,4,24,81,7,73
EPI00001798,Village,O,MMR013006,Htantabin,,,MMR013006016,Village Track,Village not in MIMU list,HF008197,Sub Rural Health Center,219,2,22,68,5,61
EPI00001632,Village,F,MMR013006,Htantabin,,,MMR013006052,Village Track,Village not in MIMU list,HF008178,Sub Rural Health Center,196,2,38,61,3,62
EPI00001641,Village,F,MMR013006,Htantabin,,,MMR013006052,Village Track,Village not in MIMU list,HF008178,Sub Rural Health Center,109,1,13,35,3,33
EPI00001685,Village,F,MMR013006,Htantabin,,,MMR013006032,Village Track,Village not in MIMU list,HF008185,Sub Rural Health Center,34,0,3,6,0,8
EPI00001873,Village,O,MMR013006,Htantabin,,,MMR013006032,Village Track,Village not in MIMU list,HF008185,Sub Rural Health Center,1066,32,130,318,29,307
EPI00001696,Village,F,MMR013006,Htantabin,,,MMR013006035,Village Track,Village not in MIMU list,HF008189,Sub Rural Health Center,1710,31,167,442,13,421
EPI00001829,Village,O,MMR013006,Htantabin,,,MMR013006010,Village Track,Village not in MIMU list,HF008173,Sub Rural Health Center,277,8,24,79,7,83
EPI00001722,Village,O,MMR013006,Htantabin,,,MMR013006011,Village Track,Village not in MIMU list,HF008171,Sub Rural Health Center,41,4,18,63,5,50
EPI00001560,Village,O,MMR013006,Htantabin,,,MMR013006043,Village Track,Village not in MIMU list,HF008170,Sub Rural Health Center,44,1,5,12,0,10
EPI00001752,Village,F,MMR013006,Htantabin,,,MMR013006043,Village Track,Village not in MIMU list,HF008170,Sub Rural Health Center,210,3,21,60,2,55
EPI00003580,Village,O,MMR013006,Htantabin,,,MMR013006034,Village Track,Village not in MIMU list,HF008188,Sub Rural Health Center,360,9,35,45,10,83
EPI00001792,Village,O,MMR013006,Htantabin,,,MMR013006026,Village Track,Village not in MIMU list,HF008168,Sub Rural Health Center,140,0,9,20,0,37
EPI00001796,Village,F,MMR013006,Htantabin,,,MMR013006026,Village Track,Village not in MIMU list,HF008168,Sub Rural Health Center,314,21,38,62,22,36
EPI00003006,Village,O,MMR013008,Hlaingtharya,,,MMR013008009,Village Track,Village not in MIMU list,HF008219,Sub Rural Health Center,5153,91,435,1140,98,2378
EPI00001598,Village,O,MMR013006,Htantabin,,,MMR013006038,Village Track,Village not in MIMU list,HF008191,Sub Rural Health Center,98,3,8,17,3,66
EPI00001808,Village,O,MMR013006,Htantabin,,,MMR013006007,Village Track,Village not in MIMU list,HF008162,Rural Health Center,445,10,23,71,10,114
EPI00001810,Other settlement,O,MMR013006,Htantabin,,,MMR013006007,Village Track,Village not in MIMU list,HF008162,Rural Health Center,190,3,13,26,3,45
EPI00001811,Other settlement,O,MMR013006,Htantabin,,,MMR013006007,Village Track,Village not in MIMU list,HF008162,Rural Health Center,77,0,5,9,1,20
EPI00001807,Village,F,MMR013006,Htantabin,,,MMR013006007,Village Track,Village not in MIMU list,HF008175,Sub Rural Health Center,181,6,22,58,6,46
EPI00001820,Village,O,MMR013006,Htantabin,,,MMR013006053,Village Track,Village not in MIMU list,HF008175,Sub Rural Health Center,138,3,10,45,3,39
EPI00001530,Village,O,MMR013006,Htantabin,,,MMR013006033,Village Track,Village not in MIMU list,HF008176,Sub Rural Health Center,248,4,29,85,5,106
EPI00001597,Village,O,MMR013006,Htantabin,,,MMR013006018,Village Track,Village not in MIMU list,HF008172,Sub Rural Health Center,386,4,15,68,6,79
EPI00003053,Village,O,MMR013008,Hlaingtharya,,,MMR013008006,Village Track,Village not in MIMU list,HF008216,Sub Rural Health Center,6078,108,445,1466,129,1738
EPI00003052,Village,O,MMR013008,Hlaingtharya,,,MMR013008006,Village Track,Village not in MIMU list,HF008215,Rural Health Center,1292,35,131,263,35,353
EPI00003140,Village,O,MMR013008,Hlaingtharya,,,MMR013008006,Village Track,Village not in MIMU list,HF008215,Rural Health Center,642,21,56,121,12,125
EPI00003114,Village,O,MMR013008,Hlaingtharya,,,MMR013008004,Village Track,Village not in MIMU list,HF008219,Sub Rural Health Center,5076,90,400,1000,135,2596
EPI00001725,Other settlement,O,MMR013006,Htantabin,,,MMR013006048,Village Track,Village not in MIMU list,HF008162,Rural Health Center,32,0,1,4,0,10
EPI00001865,Other settlement,F,MMR013006,Htantabin,,,MMR013006048,Village Track,Village not in MIMU list,HF008162,Rural Health Center,68,1,1,16,0,18
EPI00001866,Other settlement,O,MMR013006,Htantabin,,,MMR013006048,Village Track,Village not in MIMU list,HF008162,Rural Health Center,286,5,26,30,2,78
EPI00003141,Village,O,MMR013008,Hlaingtharya,,,MMR013008005,Village Track,Village not in MIMU list,HF008215,Rural Health Center,1869,49,184,299,40,575
EPI00003120,Village,F,MMR013008,Hlaingtharya,,,MMR013008005,Village Track,Village not in MIMU list,HF008215,Rural Health Center,3106,86,318,736,164,991
